userId,id,title,completed
2,21,suscipit repellat esse quibusdam voluptatem incidunt,False
2,22,distinctio vitae autem nihil ut molestias quo,True
2,23,et itaque necessitatibus maxime molestiae qui quas velit,False
2,24,adipisci non ad dicta qui amet quaerat doloribus ea,False
2,25,voluptas quo tenetur perspiciatis explicabo natus,True
2,26,aliquam aut quasi,True
2,27,veritatis pariatur delectus,True
2,28,nesciunt totam sit blanditiis sit,False
2,29,laborum aut in quam,False
2,30,nemo perspiciatis repellat ut dolor libero commodi blanditiis omnis,True
2,31,repudiandae totam in est sint facere fuga,False
2,32,earum doloribus ea doloremque quis,False
2,33,sint sit aut vero,False
2,34,porro aut necessitatibus eaque distinctio,False
2,35,repellendus veritatis molestias dicta incidunt,True
2,36,excepturi deleniti adipisci voluptatem et neque optio illum ad,True
2,37,sunt cum tempora,False
2,38,totam quia non,False
2,39,doloremque quibusdam asperiores libero corrupti illum qui omnis,False
2,40,totam atque quo nesciunt,True
"2","Ervin Howell","False","suscipit repellat esse quibusdam voluptatem incidunt""2","Ervin Howell","True","distinctio vitae autem nihil ut molestias quo""2","Ervin Howell","False","et itaque necessitatibus maxime molestiae qui quas velit""2","Ervin Howell","False","adipisci non ad dicta qui amet quaerat doloribus ea""2","Ervin Howell","True","voluptas quo tenetur perspiciatis explicabo natus""2","Ervin Howell","True","aliquam aut quasi""2","Ervin Howell","True","veritatis pariatur delectus""2","Ervin Howell","False","nesciunt totam sit blanditiis sit""2","Ervin Howell","False","laborum aut in quam""2","Ervin Howell","True","nemo perspiciatis repellat ut dolor libero commodi blanditiis omnis""2","Ervin Howell","False","repudiandae totam in est sint facere fuga""2","Ervin Howell","False","earum doloribus ea doloremque quis""2","Ervin Howell","False","sint sit aut vero""2","Ervin Howell","False","porro aut necessitatibus eaque distinctio""2","Ervin Howell","True","repellendus veritatis molestias dicta incidunt""2","Ervin Howell","True","excepturi deleniti adipisci voluptatem et neque optio illum ad""2","Ervin Howell","False","sunt cum tempora""2","Ervin Howell","False","totam quia non""2","Ervin Howell","False","doloremque quibusdam asperiores libero corrupti illum qui omnis""2","Ervin Howell","True","totam atque quo nesciunt"